codigo_region,nombre_region,codigo_provincia,nombre_provincia,codigo_comuna,nombre_comuna,poblacion,pobreza_personas,pobreza_porcentaje,pobreza_porcentaje_inf,pobreza_porcentaje_sup,presencia_de_la_comuna_en_la_muestra_casen,tipo_de_estimacion_sae
1,Tarapacá,11,Iquique,1101,Iquique,232455,37598.53679989863,0.1617454423432433,0.14786507822595,0.1756258064605367,Sí,Directa y Sintética (Fay-Herriot)
1,Tarapacá,11,Iquique,1107,Alto Hospicio,144554,38759.77378621243,0.268133526476005,0.2447981322864823,0.2914689206655278,Sí,Directa y Sintética (Fay-Herriot)
1,Tarapacá,14,Tamarugal,1401,Pozo Almonte,18811,3968.467760209895,0.2109652735213383,0.1611769423691379,0.2607536046735388,Sí,Directa y Sintética (Fay-Herriot)
1,Tarapacá,14,Tamarugal,1402,Camiña,1376,600.718055812038,0.4365683545145625,0.3444927469558131,0.528643962073312,Sí,Sintética
1,Tarapacá,14,Tamarugal,1403,Colchane,1553,791.7971150834712,0.5098500419082236,0.3970454152968671,0.6226546685195801,Sí,Sintética
1,Tarapacá,14,Tamarugal,1404,Huara,3111,1240.422346720755,0.3987214229253472,0.313569609972088,0.4838732358786063,Sí,Sintética
1,Tarapacá,14,Tamarugal,1405,Pica,6313,1980.215390933416,0.3136726423148132,0.2510165988921126,0.3763286857375139,Sí,Directa y Sintética (Fay-Herriot)
2,Antofagasta,21,Antofagasta,2101,Antofagasta,445152,69705.89851390921,0.1565889819969566,0.1409276234096699,0.1722503405842432,Sí,Directa y Sintética (Fay-Herriot)
2,Antofagasta,21,Antofagasta,2102,Mejillones,15950,2239.70312719581,0.140420258758358,0.1014671372103427,0.1793733803063733,Sí,Directa y Sintética (Fay-Herriot)
2,Antofagasta,21,Antofagasta,2103,Sierra Gorda,1807,256.4232837007722,0.1419055250142624,0.0891139600326451,0.1946970899958797,Sí,Sintética
2,Antofagasta,21,Antofagasta,2104,Taltal,13974,2441.049232577756,0.1746850746083982,0.1282732282129745,0.2210969210038218,Sí,Directa y Sintética (Fay-Herriot)
2,Antofagasta,22,El Loa,2201,Calama,196282,33810.14352157653,0.1722528990002982,0.148043876056917,0.1964619219436793,Sí,Directa y Sintética (Fay-Herriot)
2,Antofagasta,22,El Loa,2202,Ollagüe,266,25.5929733057943,0.09621418536012895,0.03376304095518693,0.158665329765071,No,Sintética
2,Antofagasta,22,El Loa,2203,San Pedro de Atacama,11067,2321.676746658074,0.2097837486814921,0.1531579525040287,0.2664095448589555,Sí,Directa y Sintética (Fay-Herriot)
2,Antofagasta,23,Tocopilla,2301,Tocopilla,28350,6144.333738568959,0.2167313488031379,0.1709279966530488,0.2625347009532269,Sí,Directa y Sintética (Fay-Herriot)
2,Antofagasta,23,Tocopilla,2302,María Elena,6484,937.3615837090839,0.1445653275307039,0.08514544539927157,0.2039852096621362,Sí,Sintética
3,Atacama,31,Copiapó,3101,Copiapó,176447,29285.54626651474,0.1659736139833193,0.1508248063102377,0.1811224216564009,Sí,Directa y Sintética (Fay-Herriot)
3,Atacama,31,Copiapó,3102,Caldera,19985,4417.330651429813,0.2210323068015918,0.1813732122378137,0.2606914013653699,Sí,Directa y Sintética (Fay-Herriot)
3,Atacama,31,Copiapó,3103,Tierra Amarilla,14434,3404.981914586656,0.2359000910757001,0.1990736597725195,0.2727265223788807,Sí,Directa y Sintética (Fay-Herriot)
3,Atacama,32,Chañaral,3201,Chañaral,13000,2773.051363275755,0.2133116433289042,0.1748263452102398,0.2517969414475686,Sí,Directa y Sintética (Fay-Herriot)
3,Atacama,32,Chañaral,3202,Diego de Almagro,13862,1723.79693307423,0.1243541287746523,0.1005786384355714,0.1481296191137331,Sí,Directa y Sintética (Fay-Herriot)
3,Atacama,33,Huasco,3301,Vallenar,57316,11809.80381819774,0.2060472436701399,0.181513226656891,0.2305812606833887,Sí,Directa y Sintética (Fay-Herriot)
3,Atacama,33,Huasco,3302,Alto del Carmen,5784,1536.767819439134,0.2656929148407908,0.2090017819701193,0.3223840477114624,Sí,Directa y Sintética (Fay-Herriot)
3,Atacama,33,Huasco,3303,Freirina,7853,1803.528121940612,0.22966103679366,0.1764948116645317,0.2828272619227883,Sí,Sintética
3,Atacama,33,Huasco,3304,Huasco,11611,2746.995603344596,0.236585617375299,0.197452117794322,0.2757191169562759,Sí,Directa y Sintética (Fay-Herriot)
4,Coquimbo,41,Elqui,4101,La Serena,269121,49074.59581306778,0.182351417440734,0.1574971452141954,0.2072056896672726,Sí,Directa y Sintética (Fay-Herriot)
4,Coquimbo,41,Elqui,4102,Coquimbo,277430,54734.04539133879,0.1972895699503975,0.1687630487173861,0.2258160911834089,Sí,Directa y Sintética (Fay-Herriot)
4,Coquimbo,41,Elqui,4103,Andacollo,11841,2750.366500087024,0.2322748501044695,0.1809083776873338,0.2836413225216052,Sí,Directa y Sintética (Fay-Herriot)
4,Coquimbo,41,Elqui,4104,La Higuera,4537,1362.602136631873,0.3003310858787466,0.2497876833993527,0.3508744883581406,Sí,Directa y Sintética (Fay-Herriot)
4,Coquimbo,41,Elqui,4105,Paihuano,4715,1049.204479769704,0.2225248101314325,0.1717100985388958,0.2733395217239691,Sí,Directa y Sintética (Fay-Herriot)
4,Coquimbo,41,Elqui,4106,Vicuña,30614,8079.505069471349,0.2639153677883109,0.2104220273164513,0.3174087082601705,Sí,Directa y Sintética (Fay-Herriot)
4,Coquimbo,42,Choapa,4201,Illapel,33028,6402.784279153117,0.1938592793736562,0.1456634897204247,0.2420550690268877,Sí,Directa y Sintética (Fay-Herriot)
4,Coquimbo,42,Choapa,4202,Canela,9498,2176.421691880428,0.2291452613055831,0.1717469762482838,0.2865435463628824,Sí,Sintética
4,Coquimbo,42,Choapa,4203,Los Vilos,24500,6349.994018623143,0.2591834293315569,0.2076600456596147,0.310706813003499,Sí,Directa y Sintética (Fay-Herriot)
4,Coquimbo,42,Choapa,4204,Salamanca,29980,5486.899503655201,0.183018662563549,0.1355854324925362,0.2304518926345619,Sí,Directa y Sintética (Fay-Herriot)
4,Coquimbo,43,Limarí,4301,Ovalle,124616,29225.52051728901,0.2345246237825721,0.1999586695479461,0.269090578017198,Sí,Directa y Sintética (Fay-Herriot)
4,Coquimbo,43,Limarí,4302,Combarbalá,13839,3593.791941591988,0.2596858112285561,0.2059306576575094,0.3134409647996028,Sí,Directa y Sintética (Fay-Herriot)
4,Coquimbo,43,Limarí,4303,Monte Patria,32670,8076.915926819644,0.2472273010964079,0.1995627643650298,0.294891837827786,Sí,Directa y Sintética (Fay-Herriot)
4,Coquimbo,43,Limarí,4304,Punitaqui,12544,3215.872196852697,0.256367362631752,0.2090299303883899,0.3037047948751141,Sí,Directa y Sintética (Fay-Herriot)
4,Coquimbo,43,Limarí,4305,Río Hurtado,4306,1022.545379202872,0.2374698976318793,0.1826188846999121,0.2923209105638466,Sí,Directa y Sintética (Fay-Herriot)
5,Valparaíso,51,Valparaíso,5101,Valparaíso,321054,65515.31451637128,0.2040632246175761,0.1798823105757302,0.2282441386594221,Sí,Directa y Sintética (Fay-Herriot)
5,Valparaíso,51,Valparaíso,5102,Casablanca,30672,3802.458701561964,0.1239716582408048,0.0874424544385731,0.1605008620430365,Sí,Directa y Sintética (Fay-Herriot)
5,Valparaíso,51,Valparaíso,5103,Concón,48392,5540.331982913741,0.1144885928028133,0.0844217455295937,0.1445554400760329,Sí,Directa y Sintética (Fay-Herriot)
5,Valparaíso,51,Valparaíso,5104,Juan Fernández,1111,263.2342075865598,0.2369344802759314,0.1588001442158453,0.3150688163360176,No,Sintética
5,Valparaíso,51,Valparaíso,5105,Puchuncaví,21325,2998.795518764517,0.1406234709854404,0.10189115268257,0.1793557892883109,Sí,Directa y Sintética (Fay-Herriot)
5,Valparaíso,51,Valparaíso,5107,Quintero,38842,7743.77489496101,0.1993660186128678,0.1539320414237888,0.2447999958019468,Sí,Directa y Sintética (Fay-Herriot)
5,Valparaíso,51,Valparaíso,5109,Viña del Mar,372180,55333.59657552357,0.1486742881818571,0.1280125423816832,0.169336033982031,Sí,Directa y Sintética (Fay-Herriot)
5,Valparaíso,52,Isla de Pascua,5201,Isla de Pascua,8928,1603.947994856452,0.1796536732590112,0.09526608410466254,0.26404126241336,No,Sintética
5,Valparaíso,53,Los Andes,5301,Los Andes,68956,12096.61805390134,0.1754251704550922,0.1406121258005378,0.2102382151096466,Sí,Directa y Sintética (Fay-Herriot)
5,Valparaíso,53,Los Andes,5302,Calle Larga,17785,3191.801288696957,0.1794659144614539,0.1368770441327348,0.222054784790173,Sí,Directa y Sintética (Fay-Herriot)
5,Valparaíso,53,Los Andes,5303,Rinconada,12100,2200.776643901008,0.1818823672645462,0.1292284822358289,0.2345362522932634,Sí,Sintética
5,Valparaíso,53,Los Andes,5304,San Esteban,21857,3292.765148043336,0.1506503705011363,0.108631647035042,0.1926690939672306,Sí,Directa y Sintética (Fay-Herriot)
5,Valparaíso,54,Petorca,5401,La Ligua,38443,8081.132498043268,0.2102107665385966,0.1742370771452114,0.2461844559319818,Sí,Directa y Sintética (Fay-Herriot)
5,Valparaíso,54,Petorca,5402,Cabildo,20763,4102.499404700252,0.1975870252227641,0.1536242484465998,0.2415498019989285,Sí,Directa y Sintética (Fay-Herriot)
5,Valparaíso,54,Petorca,5403,Papudo,6459,575.4135532948014,0.08908709603573331,0.05245956405282473,0.1257146280186419,Sí,Directa y Sintética (Fay-Herriot)
5,Valparaíso,54,Petorca,5404,Petorca,10635,2128.932440683435,0.2001817057530264,0.1549724369011232,0.2453909746049295,Sí,Directa y Sintética (Fay-Herriot)
5,Valparaíso,54,Petorca,5405,Zapallar,8400,792.9404466659779,0.09439767222214022,0.0631290524020135,0.125666292042267,Sí,Directa y Sintética (Fay-Herriot)
5,Valparaíso,55,Quillota,5501,Quillota,101254,18605.91503273399,0.1837548643286585,0.145995887890154,0.221513840767163,Sí,Directa y Sintética (Fay-Herriot)
5,Valparaíso,55,Quillota,5502,Calera,53921,10817.001571274,0.2006083264641605,0.1605273336375569,0.2406893192907641,Sí,Directa y Sintética (Fay-Herriot)
5,Valparaíso,55,Quillota,5503,Hijuelas,19503,3860.891832390539,0.1979639969435748,0.1491057551349604,0.2468222387521892,Sí,Directa y Sintética (Fay-Herriot)
5,Valparaíso,55,Quillota,5504,La Cruz,28149,4316.270796305993,0.1533365588939569,0.1159311699635842,0.1907419478243297,Sí,Directa y Sintética (Fay-Herriot)
5,Valparaíso,55,Quillota,5506,Nogales,23651,4791.685592564059,0.2025997037150251,0.1574492209571486,0.2477501864729016,Sí,Directa y Sintética (Fay-Herriot)
5,Valparaíso,56,San Antonio,5601,San Antonio,98746,19777.27901752904,0.2002843559995245,0.164694432453563,0.2358742795454859,Sí,Directa y Sintética (Fay-Herriot)
5,Valparaíso,56,San Antonio,5602,Algarrobo,16151,2102.676119799735,0.1301886025509092,0.08939824701541779,0.1709789580864007,Sí,Directa y Sintética (Fay-Herriot)
5,Valparaíso,56,San Antonio,5603,Cartagena,27229,7641.587893209749,0.2806415179848599,0.234011504416839,0.3272715315528807,Sí,Directa y Sintética (Fay-Herriot)
5,Valparaíso,56,San Antonio,5604,El Quisco,18931,3526.511450184055,0.1862823649138479,0.1410545197167153,0.2315102101109805,Sí,Directa y Sintética (Fay-Herriot)
5,Valparaíso,56,San Antonio,5605,El Tabo,15272,3207.274572951133,0.2100101213299589,0.161680345080347,0.2583398975795709,Sí,Directa y Sintética (Fay-Herriot)
5,Valparaíso,56,San Antonio,5606,Santo Domingo,12673,1584.387060374909,0.1250206786376477,0.08718384761221805,0.1628575096630773,Sí,Directa y Sintética (Fay-Herriot)
5,Valparaíso,57,San Felipe de Aconcagua,5701,San Felipe,87137,17693.01176872316,0.2030482087829872,0.1658070730655015,0.240289344500473,Sí,Directa y Sintética (Fay-Herriot)
5,Valparaíso,57,San Felipe de Aconcagua,5702,Catemu,15765,2790.27999393872,0.1769920706589737,0.1322156670891489,0.2217684742287985,Sí,Directa y Sintética (Fay-Herriot)
5,Valparaíso,57,San Felipe de Aconcagua,5703,Llaillay,27350,4644.939364939672,0.1698332491751251,0.1279541203998735,0.2117123779503767,Sí,Directa y Sintética (Fay-Herriot)
5,Valparaíso,57,San Felipe de Aconcagua,5704,Panquehue,7868,1202.586476451841,0.1528452562851857,0.1107645145988926,0.1949259979714788,Sí,Directa y Sintética (Fay-Herriot)
5,Valparaíso,57,San Felipe de Aconcagua,5705,Putaendo,18029,4049.498710546279,0.2246102784705906,0.1753000014737323,0.273920555467449,Sí,Directa y Sintética (Fay-Herriot)
5,Valparaíso,57,San Felipe de Aconcagua,5706,Santa María,17024,2534.898624557195,0.148901469957542,0.1104788797535487,0.1873240601615352,Sí,Directa y Sintética (Fay-Herriot)
5,Valparaíso,58,Marga Marga,5801,Quilpué,174172,30680.87640879162,0.1761527479089154,0.1471343610485135,0.2051711347693174,Sí,Directa y Sintética (Fay-Herriot)
5,Valparaíso,58,Marga Marga,5802,Limache,51821,10545.40242292383,0.20349669869211,0.1638628958778444,0.2431305015063757,Sí,Directa y Sintética (Fay-Herriot)
5,Valparaíso,58,Marga Marga,5803,Olmué,20353,4478.957303527615,0.2200637401625124,0.1688579310997931,0.2712695492252317,Sí,Directa y Sintética (Fay-Herriot)
5,Valparaíso,58,Marga Marga,5804,Villa Alemana,148166,23190.39854946778,0.1565163299911436,0.1253703207782776,0.1876623392040095,Sí,Directa y Sintética (Fay-Herriot)
6,Libertador General Bernardo O'Higgins,61,Cachapoal,6101,Rancagua,275236,50191.84728877254,0.1823593108778377,0.1617086195986629,0.2030100021570125,Sí,Directa y Sintética (Fay-Herriot)
6,Libertador General Bernardo O'Higgins,61,Cachapoal,6102,Codegua,14671,2035.414021342876,0.1387372381802792,0.09927987012132604,0.1781946062392324,Sí,Directa y Sintética (Fay-Herriot)
6,Libertador General Bernardo O'Higgins,61,Cachapoal,6103,Coinco,8043,1514.409678573251,0.1882891556102512,0.144637029289491,0.2319412819310114,Sí,Directa y Sintética (Fay-Herriot)
6,Libertador General Bernardo O'Higgins,61,Cachapoal,6104,Coltauco,22229,4086.595265984431,0.1838407155510563,0.1415050402739237,0.226176390828189,Sí,Directa y Sintética (Fay-Herriot)
6,Libertador General Bernardo O'Higgins,61,Cachapoal,6105,Doñihue,23736,3727.098503304685,0.1570230242376426,0.119836684631393,0.1942093638438922,Sí,Directa y Sintética (Fay-Herriot)
6,Libertador General Bernardo O'Higgins,61,Cachapoal,6106,Graneros,38341,6757.198963717253,0.1762395076736979,0.1389542441845722,0.2135247711628237,Sí,Directa y Sintética (Fay-Herriot)
6,Libertador General Bernardo O'Higgins,61,Cachapoal,6107,Las Cabras,27805,5231.320455762908,0.1881431561144725,0.1453555820770499,0.2309307301518951,Sí,Directa y Sintética (Fay-Herriot)
6,Libertador General Bernardo O'Higgins,61,Cachapoal,6108,Machalí,65188,8215.928311587884,0.1260343669323784,0.09338698774784535,0.1586817461169115,Sí,Directa y Sintética (Fay-Herriot)
6,Libertador General Bernardo O'Higgins,61,Cachapoal,6109,Malloa,14315,2632.642994471258,0.1839079982166439,0.1411885445357401,0.2266274518975477,Sí,Directa y Sintética (Fay-Herriot)
6,Libertador General Bernardo O'Higgins,61,Cachapoal,6110,Mostazal,28659,4769.049562752602,0.1664066981664609,0.1275725107422916,0.2052408855906301,Sí,Directa y Sintética (Fay-Herriot)
6,Libertador General Bernardo O'Higgins,61,Cachapoal,6111,Olivar,15053,1889.551306189321,0.1255265599009713,0.09238699597184631,0.1586661238300963,Sí,Directa y Sintética (Fay-Herriot)
6,Libertador General Bernardo O'Higgins,61,Cachapoal,6112,Peumo,15036,2479.361479074507,0.1648950172302811,0.1240836171569321,0.2057064173036302,Sí,Directa y Sintética (Fay-Herriot)
6,Libertador General Bernardo O'Higgins,61,Cachapoal,6113,Pichidegua,21106,3467.51013883824,0.1642902557963726,0.1248380494681074,0.2037424621246377,Sí,Directa y Sintética (Fay-Herriot)
6,Libertador General Bernardo O'Higgins,61,Cachapoal,6114,Quinta de Tilcoco,14328,2644.388000971908,0.1845608599226625,0.1424850683322804,0.2266366515130446,Sí,Directa y Sintética (Fay-Herriot)
6,Libertador General Bernardo O'Higgins,61,Cachapoal,6115,Rengo,65973,12963.98422539487,0.1965043915752637,0.1604843924481628,0.2325243907023645,Sí,Directa y Sintética (Fay-Herriot)
6,Libertador General Bernardo O'Higgins,61,Cachapoal,6116,Requínoa,31848,3514.87264529499,0.1103639991614855,0.07645839292151008,0.1442696054014609,Sí,Directa y Sintética (Fay-Herriot)
6,Libertador General Bernardo O'Higgins,61,Cachapoal,6117,San Vicente,52436,10427.91207466355,0.198869327840864,0.1619741529824478,0.2357645026992802,Sí,Directa y Sintética (Fay-Herriot)
6,Libertador General Bernardo O'Higgins,62,Cardenal Caro,6201,Pichilemu,18894,3615.606851408781,0.1913626998734403,0.1514347052709639,0.2312906944759168,Sí,Directa y Sintética (Fay-Herriot)
6,Libertador General Bernardo O'Higgins,62,Cardenal Caro,6202,La Estrella,3095,582.9779740795624,0.1883612194118134,0.1383569047947887,0.238365534028838,Sí,Sintética
6,Libertador General Bernardo O'Higgins,62,Cardenal Caro,6203,Litueche,6965,1257.737177021225,0.1805796377632771,0.1318250508116686,0.2293342247148856,Sí,Sintética
6,Libertador General Bernardo O'Higgins,62,Cardenal Caro,6204,Marchihue,7717,1144.849890362598,0.1483542685451079,0.1068416235817812,0.1898669135084346,Sí,Directa y Sintética (Fay-Herriot)
6,Libertador General Bernardo O'Higgins,62,Cardenal Caro,6205,Navidad,7161,1535.453894649086,0.2144189211910467,0.1619787479572651,0.2668590944248284,Sí,Directa y Sintética (Fay-Herriot)
6,Libertador General Bernardo O'Higgins,62,Cardenal Caro,6206,Paredones,6247,1563.360477460774,0.25025780013779,0.1997091285139695,0.3008064717616105,Sí,Directa y Sintética (Fay-Herriot)
6,Libertador General Bernardo O'Higgins,63,Colchagua,6301,San Fernando,81345,16132.57554696788,0.1983228907365896,0.1676718802749176,0.2289739011982616,Sí,Directa y Sintética (Fay-Herriot)
6,Libertador General Bernardo O'Higgins,63,Colchagua,6302,Chépica,16177,3339.717593044202,0.2064485128914015,0.1598520878100975,0.2530449379727055,Sí,Directa y Sintética (Fay-Herriot)
6,Libertador General Bernardo O'Higgins,63,Colchagua,6303,Chimbarongo,38497,8031.269556658922,0.2086206602244051,0.1691945651444959,0.2480467553043142,Sí,Directa y Sintética (Fay-Herriot)
6,Libertador General Bernardo O'Higgins,63,Colchagua,6304,Lolol,7468,1523.466441428372,0.2039992556813567,0.1548438245894221,0.2531546867732913,Sí,Directa y Sintética (Fay-Herriot)
6,Libertador General Bernardo O'Higgins,63,Colchagua,6305,Nancagua,19779,3302.301040714669,0.166959959589194,0.1258913051468719,0.2080286140315162,Sí,Directa y Sintética (Fay-Herriot)
6,Libertador General Bernardo O'Higgins,63,Colchagua,6306,Palmilla,13626,2384.660517837913,0.1750081108056593,0.129677312188749,0.2203389094225695,Sí,Directa y Sintética (Fay-Herriot)
6,Libertador General Bernardo O'Higgins,63,Colchagua,6307,Peralillo,12208,2291.035498861337,0.1876667348346442,0.1427205475489071,0.2326129221203814,Sí,Directa y Sintética (Fay-Herriot)
6,Libertador General Bernardo O'Higgins,63,Colchagua,6308,Placilla,9288,1899.41173891604,0.2045016945430706,0.1603565842351573,0.2486468048509839,Sí,Directa y Sintética (Fay-Herriot)
6,Libertador General Bernardo O'Higgins,63,Colchagua,6309,Pumanque,3518,632.6483184390539,0.1798318130867123,0.124333588807914,0.2353300373655106,Sí,Sintética
6,Libertador General Bernardo O'Higgins,63,Colchagua,6310,Santa Cruz,42722,7890.408859330977,0.1846919352869945,0.1498986421357584,0.2194852284382305,Sí,Directa y Sintética (Fay-Herriot)
7,Maule,71,Talca,7101,Talca,242818,59188.18044185283,0.2437553247364397,0.2165328619350693,0.2709777875378102,Sí,Directa y Sintética (Fay-Herriot)
7,Maule,71,Talca,7102,Constitución,50625,11168.29501697228,0.2206082966315512,0.1771861668635769,0.2640304263995256,Sí,Directa y Sintética (Fay-Herriot)
7,Maule,71,Talca,7103,Curepto,9112,2747.850321771678,0.3015639071303422,0.239407963306797,0.3637198509538874,Sí,Sintética
7,Maule,71,Talca,7104,Empedrado,4168,1076.453065301417,0.2582660905233725,0.2054181057196217,0.3111140753271233,Sí,Directa y Sintética (Fay-Herriot)
7,Maule,71,Talca,7105,Maule,69826,16998.89484212508,0.2434464933137382,0.2025306314979629,0.2843623551295135,Sí,Directa y Sintética (Fay-Herriot)
7,Maule,71,Talca,7106,Pelarco,9444,2140.310630317384,0.2266317905884566,0.1781181801960209,0.2751454009808924,Sí,Directa y Sintética (Fay-Herriot)
7,Maule,71,Talca,7107,Pencahue,8631,2151.90976236951,0.2493233417181683,0.1973390005272015,0.301307682909135,Sí,Directa y Sintética (Fay-Herriot)
7,Maule,71,Talca,7108,Río Claro,15172,3071.58240118321,0.2024507250977597,0.1542680403984984,0.250633409797021,Sí,Directa y Sintética (Fay-Herriot)
7,Maule,71,Talca,7109,San Clemente,48176,11161.4799504979,0.2316813340770903,0.1907121337434444,0.2726505344107362,Sí,Directa y Sintética (Fay-Herriot)
7,Maule,71,Talca,7110,San Rafael,10444,2425.96679548516,0.2322833009847912,0.1879040156106345,0.276662586358948,Sí,Directa y Sintética (Fay-Herriot)
7,Maule,72,Cauquenes,7201,Cauquenes,44443,12612.69206647188,0.2837947948264491,0.236104533599562,0.3314850560533363,Sí,Directa y Sintética (Fay-Herriot)
7,Maule,72,Cauquenes,7202,Chanco,9244,2969.741058488462,0.3212614732246281,0.2717841989934969,0.3707387474557593,Sí,Directa y Sintética (Fay-Herriot)
7,Maule,72,Cauquenes,7203,Pelluhue,8474,2613.940030821535,0.3084658993180948,0.2427802572038862,0.3741515414323034,Sí,Sintética
7,Maule,73,Curicó,7301,Curicó,172304,35410.58643386852,0.2055122715309483,0.1769749068776327,0.234049636184264,Sí,Directa y Sintética (Fay-Herriot)
7,Maule,73,Curicó,7302,Hualañé,10228,2579.225786035214,0.2521730334410651,0.2054125521012997,0.2989335147808305,Sí,Directa y Sintética (Fay-Herriot)
7,Maule,73,Curicó,7303,Licantén,6982,1653.993569870393,0.2368939515712394,0.1896853597940742,0.2841025433484046,Sí,Directa y Sintética (Fay-Herriot)
7,Maule,73,Curicó,7304,Molina,52306,11530.27018660811,0.2204387677629356,0.1816252121851557,0.2592523233407156,Sí,Directa y Sintética (Fay-Herriot)
7,Maule,73,Curicó,7305,Rauco,11811,2858.586957577295,0.2420275131299039,0.190863892702234,0.2931911335575738,Sí,Directa y Sintética (Fay-Herriot)
7,Maule,73,Curicó,7306,Romeral,17008,3484.074573007724,0.2048491635117429,0.1595084794628949,0.250189847560591,Sí,Directa y Sintética (Fay-Herriot)
7,Maule,73,Curicó,7307,Sagrada Familia,19779,3822.695646992433,0.1932704204961036,0.149891627799812,0.2366492131923952,Sí,Directa y Sintética (Fay-Herriot)
7,Maule,73,Curicó,7308,Teno,31984,6606.97179619372,0.2065711542081578,0.1627307220929763,0.2504115863233393,Sí,Directa y Sintética (Fay-Herriot)
7,Maule,73,Curicó,7309,Vichuquén,4301,1009.134100142498,0.2346277842693554,0.1843991860743006,0.2848563824644103,Sí,Directa y Sintética (Fay-Herriot)
7,Maule,74,Linares,7401,Linares,104212,30354.17700252488,0.2912733370679468,0.251307076522594,0.3312395976132996,Sí,Directa y Sintética (Fay-Herriot)
7,Maule,74,Linares,7402,Colbún,23560,6465.047826090989,0.2744078024656617,0.2246523527242832,0.3241632522070402,Sí,Directa y Sintética (Fay-Herriot)
7,Maule,74,Linares,7403,Longaví,33731,8937.753517042203,0.2649714955691264,0.2171412532314472,0.3128017379068057,Sí,Directa y Sintética (Fay-Herriot)
7,Maule,74,Linares,7404,Parral,45668,12643.48062885555,0.2768564559178319,0.2300479344631255,0.3236649773725383,Sí,Directa y Sintética (Fay-Herriot)
7,Maule,74,Linares,7405,Retiro,21522,5806.12611400384,0.2697763272002528,0.2208736770499694,0.3186789773505362,Sí,Directa y Sintética (Fay-Herriot)
7,Maule,74,Linares,7406,San Javier,51669,13348.58061623842,0.2583479575033079,0.2175436175150364,0.2991522974915795,Sí,Directa y Sintética (Fay-Herriot)
7,Maule,74,Linares,7407,Villa Alegre,18084,4424.009639954951,0.2446366755117756,0.1963462267403142,0.2929271242832371,Sí,Directa y Sintética (Fay-Herriot)
7,Maule,74,Linares,7408,Yerbas Buenas,19856,4884.458025740687,0.2459940585082941,0.1987560097175388,0.2932321072990494,Sí,Directa y Sintética (Fay-Herriot)
8,Biobío,81,Concepción,8101,Concepción,239746,36871.21305540475,0.1537928184637272,0.1306078186202085,0.1769778183072459,Sí,Directa y Sintética (Fay-Herriot)
8,Biobío,81,Concepción,8102,Coronel,129209,27522.52623481528,0.2130078108708781,0.1851061245665162,0.2409094971752399,Sí,Directa y Sintética (Fay-Herriot)
8,Biobío,81,Concepción,8103,Chiguayante,92011,15216.63908840732,0.1653784774473413,0.134253892148174,0.1965030627465086,Sí,Directa y Sintética (Fay-Herriot)
8,Biobío,81,Concepción,8104,Florida,11876,2926.486367326433,0.2464202060732934,0.1950850318507367,0.2977553802958502,Sí,Directa y Sintética (Fay-Herriot)
8,Biobío,81,Concepción,8105,Hualqui,26783,6085.404095625271,0.227211443662968,0.1819884831874498,0.2724344041384861,Sí,Directa y Sintética (Fay-Herriot)
8,Biobío,81,Concepción,8106,Lota,45369,7830.696745855275,0.1726001619135373,0.1338054295935814,0.2113948942334933,Sí,Directa y Sintética (Fay-Herriot)
8,Biobío,81,Concepción,8107,Penco,50214,8756.872120545748,0.1743910487223831,0.1378840065148784,0.2108980909298878,Sí,Directa y Sintética (Fay-Herriot)
8,Biobío,81,Concepción,8108,San Pedro de la Paz,154158,25729.03977824472,0.1669004513437169,0.1390230270843108,0.1947778756031231,Sí,Directa y Sintética (Fay-Herriot)
8,Biobío,81,Concepción,8109,Santa Juana,14898,3605.980867894322,0.2420446279966655,0.194037182338834,0.290052073654497,Sí,Directa y Sintética (Fay-Herriot)
8,Biobío,81,Concepción,8110,Talcahuano,158065,27562.29293221439,0.1743731561839394,0.1459914698474341,0.2027548425204448,Sí,Directa y Sintética (Fay-Herriot)
8,Biobío,81,Concepción,8111,Tomé,59176,12541.73709273265,0.2119395885617928,0.172126414230155,0.2517527628934307,Sí,Directa y Sintética (Fay-Herriot)
8,Biobío,81,Concepción,8112,Hualpén,98086,17303.50440796166,0.176411561364126,0.1457187407441711,0.2071043819840809,Sí,Directa y Sintética (Fay-Herriot)
8,Biobío,82,Arauco,8201,Lebu,27147,7733.04183736985,0.2848580630408462,0.2378921984505807,0.3318239276311116,Sí,Directa y Sintética (Fay-Herriot)
8,Biobío,82,Arauco,8202,Arauco,38962,8958.506415007005,0.2299293263951287,0.1862861845176057,0.2735724682726517,Sí,Directa y Sintética (Fay-Herriot)
8,Biobío,82,Arauco,8203,Cañete,37471,10925.5570546067,0.2915736717623414,0.2388639385598127,0.3442834049648702,Sí,Directa y Sintética (Fay-Herriot)
8,Biobío,82,Arauco,8204,Contulmo,6358,1575.217704797856,0.2477536497008266,0.1966427235870307,0.2988645758146224,Sí,Directa y Sintética (Fay-Herriot)
8,Biobío,82,Arauco,8205,Curanilahue,33949,5593.105797589524,0.1647502370493836,0.1262836965626055,0.2032167775361617,Sí,Directa y Sintética (Fay-Herriot)
8,Biobío,82,Arauco,8206,Los Álamos,22992,4487.898095585799,0.1951938976855341,0.149316641004094,0.2410711543669741,Sí,Directa y Sintética (Fay-Herriot)
8,Biobío,82,Arauco,8207,Tirúa,11116,3961.184542325682,0.3563498148907595,0.2976146071165711,0.4150850226649478,Sí,Directa y Sintética (Fay-Herriot)
8,Biobío,83,Biobío,8301,Los Ángeles,224170,43359.47499876476,0.1934222911128374,0.1688893096245938,0.217955272601081,Sí,Directa y Sintética (Fay-Herriot)
8,Biobío,83,Biobío,8302,Antuco,4330,1304.98190192293,0.301381501598829,0.2384935091037825,0.3642694940938755,Sí,Sintética
8,Biobío,83,Biobío,8303,Cabrero,31129,6184.743021378562,0.1986810697863266,0.1575600736286851,0.2398020659439682,Sí,Directa y Sintética (Fay-Herriot)
8,Biobío,83,Biobío,8304,Laja,23924,5395.662374070845,0.2255334548600086,0.1809991492343683,0.2700677604856488,Sí,Directa y Sintética (Fay-Herriot)
8,Biobío,83,Biobío,8305,Mulchén,31115,7623.708016477585,0.2450171305311774,0.2004621993739149,0.2895720616884399,Sí,Directa y Sintética (Fay-Herriot)
8,Biobío,83,Biobío,8306,Nacimiento,28030,5607.52121552564,0.2000542709784388,0.1601716755513816,0.2399368664054961,Sí,Directa y Sintética (Fay-Herriot)
8,Biobío,83,Biobío,8307,Negrete,10594,1842.074052569445,0.1738789930686657,0.1343792360728254,0.2133787500645061,Sí,Directa y Sintética (Fay-Herriot)
8,Biobío,83,Biobío,8308,Quilaco,4180,1082.469414626454,0.2589639747910177,0.2125736442069288,0.3053543053751067,Sí,Directa y Sintética (Fay-Herriot)
8,Biobío,83,Biobío,8309,Quilleco,9987,1994.229586310533,0.1996825459407763,0.1558017684088437,0.2435633234727088,Sí,Directa y Sintética (Fay-Herriot)
8,Biobío,83,Biobío,8310,San Rosendo,3548,752.9691338537889,0.2122235439272235,0.1604466066751799,0.2640004811792671,Sí,Sintética
8,Biobío,83,Biobío,8311,Santa Bárbara,14685,3453.306079840792,0.2351587388383243,0.184691877190694,0.2856256004859545,Sí,Directa y Sintética (Fay-Herriot)
8,Biobío,83,Biobío,8312,Tucapel,15449,3421.575001563165,0.2214755001335468,0.1782406614286251,0.2647103388384685,Sí,Directa y Sintética (Fay-Herriot)
8,Biobío,83,Biobío,8313,Yumbel,22223,5280.113898144273,0.2375968095281588,0.1910718494118708,0.2841217696444467,Sí,Directa y Sintética (Fay-Herriot)
8,Biobío,83,Biobío,8314,Alto Biobío,6798,2800.356194454372,0.4119382457273274,0.3370825896100639,0.4867939018445909,Sí,Directa y Sintética (Fay-Herriot)
9,La Araucanía,91,Cautín,9101,Temuco,310144,74927.0441081355,0.2415879207985178,0.2160526618370726,0.267123179759963,Sí,Directa y Sintética (Fay-Herriot)
9,La Araucanía,91,Cautín,9102,Carahue,25512,10352.1898389835,0.4057772749679955,0.350387922720655,0.4611666272153361,Sí,Directa y Sintética (Fay-Herriot)
9,La Araucanía,91,Cautín,9103,Cunco,18073,5959.41378900095,0.3297412598351657,0.2779986805713452,0.3814838390989862,Sí,Directa y Sintética (Fay-Herriot)
9,La Araucanía,91,Cautín,9104,Curarrehue,7882,2332.139688859547,0.2958817164247078,0.2374525542984778,0.3543108785509377,Sí,Directa y Sintética (Fay-Herriot)
9,La Araucanía,91,Cautín,9105,Freire,25477,8004.721630473497,0.3141940428807747,0.264373949384609,0.3640141363769404,Sí,Directa y Sintética (Fay-Herriot)
9,La Araucanía,91,Cautín,9106,Galvarino,12555,5356.422374794476,0.4266365889919933,0.3634144559717297,0.4898587220122569,Sí,Directa y Sintética (Fay-Herriot)
9,La Araucanía,91,Cautín,9107,Gorbea,15060,4764.902153904127,0.3163945653322793,0.2571762263545444,0.3756129043100143,Sí,Directa y Sintética (Fay-Herriot)
9,La Araucanía,91,Cautín,9108,Lautaro,41973,11471.75765181545,0.2733127880260036,0.2287153862439383,0.3179101898080688,Sí,Directa y Sintética (Fay-Herriot)
9,La Araucanía,91,Cautín,9109,Loncoche,24773,7493.539671353038,0.3024881795242013,0.2549622695618877,0.3500140894865149,Sí,Directa y Sintética (Fay-Herriot)
9,La Araucanía,91,Cautín,9110,Melipeuco,6326,2066.459647248976,0.3266613416454278,0.2689673223471907,0.3843553609436648,Sí,Directa y Sintética (Fay-Herriot)
9,La Araucanía,91,Cautín,9111,Nueva Imperial,34173,11969.12343802416,0.3502508833881766,0.2986375517554263,0.4018642150209268,Sí,Directa y Sintética (Fay-Herriot)
9,La Araucanía,91,Cautín,9112,Padre Las Casas,85670,25277.6393749089,0.2950582394643271,0.2537525895323931,0.3363638893962611,Sí,Directa y Sintética (Fay-Herriot)
9,La Araucanía,91,Cautín,9113,Perquenco,7272,2228.805623255431,0.3064914223398557,0.2549432607175335,0.3580395839621779,Sí,Directa y Sintética (Fay-Herriot)
9,La Araucanía,91,Cautín,9114,Pitrufquén,26653,7582.7260480339,0.2844980320426931,0.2370363058576404,0.3319597582277458,Sí,Directa y Sintética (Fay-Herriot)
9,La Araucanía,91,Cautín,9115,Pucón,30790,6699.777563879971,0.2175958935979205,0.1667176319418174,0.2684741552540235,Sí,Directa y Sintética (Fay-Herriot)
9,La Araucanía,91,Cautín,9116,Saavedra,12646,6349.000623376957,0.5020560353769538,0.4447000139888668,0.5594120567650407,Sí,Directa y Sintética (Fay-Herriot)
9,La Araucanía,91,Cautín,9117,Teodoro Schmidt,15742,6453.847190575157,0.4099763175311369,0.3529672554637046,0.4669853795985692,Sí,Directa y Sintética (Fay-Herriot)
9,La Araucanía,91,Cautín,9118,Toltén,9916,3732.916058428913,0.3764538179133636,0.3192738558979527,0.4336337799287744,Sí,Directa y Sintética (Fay-Herriot)
9,La Araucanía,91,Cautín,9119,Vilcún,32948,10339.21093412679,0.3138039011207597,0.2640135884423277,0.3635942137991918,Sí,Directa y Sintética (Fay-Herriot)
9,La Araucanía,91,Cautín,9120,Villarrica,60815,14528.38460203364,0.238894756261344,0.2002022543952398,0.2775872581274483,Sí,Directa y Sintética (Fay-Herriot)
9,La Araucanía,91,Cautín,9121,Cholchol,12673,5149.169940948957,0.4063102612600771,0.3462296482209614,0.4663908742991929,Sí,Directa y Sintética (Fay-Herriot)
9,La Araucanía,92,Malleco,9201,Angol,56845,13236.81733386324,0.2328580760640908,0.1875225305710824,0.2781936215570991,Sí,Directa y Sintética (Fay-Herriot)
9,La Araucanía,92,Malleco,9202,Collipulli,26591,8166.925725327458,0.3071311994782994,0.2563141012746858,0.3579482976819129,Sí,Directa y Sintética (Fay-Herriot)
9,La Araucanía,92,Malleco,9203,Curacautín,18205,5241.134630093846,0.2878953380990852,0.2362889099804666,0.3395017662177038,Sí,Directa y Sintética (Fay-Herriot)
9,La Araucanía,92,Malleco,9204,Ercilla,8386,2711.296140703519,0.32331220375668,0.2651911416399904,0.3814332658733697,Sí,Directa y Sintética (Fay-Herriot)
9,La Araucanía,92,Malleco,9205,Lonquimay,11114,4473.752217087701,0.4025330409472468,0.3462048202825752,0.4588612616119184,Sí,Directa y Sintética (Fay-Herriot)
9,La Araucanía,92,Malleco,9206,Los Sauces,7470,2133.710162687717,0.2856372373075927,0.2323969468834596,0.3388775277317257,Sí,Directa y Sintética (Fay-Herriot)
9,La Araucanía,92,Malleco,9207,Lumaco,9898,3517.383153056979,0.3553630180902181,0.2976959914566232,0.4130300447238131,Sí,Directa y Sintética (Fay-Herriot)
9,La Araucanía,92,Malleco,9208,Purén,12096,4341.385276130742,0.3589108197859409,0.3054862063694559,0.4123354332024259,Sí,Directa y Sintética (Fay-Herriot)
9,La Araucanía,92,Malleco,9209,Renaico,11015,2544.736684861801,0.2310246649897232,0.1807900963469971,0.2812592336324493,Sí,Directa y Sintética (Fay-Herriot)
9,La Araucanía,92,Malleco,9210,Traiguén,19237,6059.31224471411,0.3149821824980044,0.2630031419289892,0.3669612230670196,Sí,Directa y Sintética (Fay-Herriot)
9,La Araucanía,92,Malleco,9211,Victoria,35545,10010.58512336691,0.2816313158915996,0.2328532852570796,0.3304093465261196,Sí,Directa y Sintética (Fay-Herriot)
10,Los Lagos,101,Llanquihue,10101,Puerto Montt,281914,41499.96236169301,0.1472078802815504,0.1270712891229542,0.1673444714401467,Sí,Directa y Sintética (Fay-Herriot)
10,Los Lagos,101,Llanquihue,10102,Calbuco,37686,7257.288153060056,0.1925725243607721,0.1468032674210136,0.2383417813005305,Sí,Directa y Sintética (Fay-Herriot)
10,Los Lagos,101,Llanquihue,10103,Cochamó,3932,883.4485298226924,0.2246817217249981,0.1639533429764823,0.2854101004735138,No,Sintética
10,Los Lagos,101,Llanquihue,10104,Fresia,12555,2680.804113637756,0.2135248198835329,0.1704890627067463,0.2565605770603195,Sí,Directa y Sintética (Fay-Herriot)
10,Los Lagos,101,Llanquihue,10105,Frutillar,20866,2433.314508529366,0.1166162421417313,0.08197011980502023,0.1512623644784424,Sí,Directa y Sintética (Fay-Herriot)
10,Los Lagos,101,Llanquihue,10106,Los Muermos,17833,3896.547151858196,0.2185020552828013,0.1681169418693116,0.2688871686962911,Sí,Directa y Sintética (Fay-Herriot)
10,Los Lagos,101,Llanquihue,10107,Llanquihue,18880,2394.823393549727,0.1268444594041169,0.08934555113039563,0.1643433676778382,Sí,Directa y Sintética (Fay-Herriot)
10,Los Lagos,101,Llanquihue,10108,Maullín,14724,3702.981466640191,0.2514929004781439,0.1907274798576172,0.3122583210986706,Sí,Directa y Sintética (Fay-Herriot)
10,Los Lagos,101,Llanquihue,10109,Puerto Varas,51566,5345.301261872117,0.103659412439827,0.07578063618313566,0.1315381886965183,Sí,Directa y Sintética (Fay-Herriot)
10,Los Lagos,102,Chiloé,10201,Castro,48818,8192.518006850378,0.1678175674310783,0.1255894440858945,0.210045690776262,Sí,Directa y Sintética (Fay-Herriot)
10,Los Lagos,102,Chiloé,10202,Ancud,42510,7694.110540621903,0.180995307942176,0.138423372088951,0.223567243795401,Sí,Directa y Sintética (Fay-Herriot)
10,Los Lagos,102,Chiloé,10203,Chonchi,16291,2461.078966008803,0.1510698524343995,0.1068949606893196,0.1952447441794795,Sí,Directa y Sintética (Fay-Herriot)
10,Los Lagos,102,Chiloé,10204,Curaco de Vélez,4139,733.7720077059719,0.1772824372326581,0.1264232105072534,0.2281416639580628,Sí,Sintética
10,Los Lagos,102,Chiloé,10205,Dalcahue,15489,3029.931801215739,0.1956182969343237,0.1471798801791184,0.244056713689529,Sí,Directa y Sintética (Fay-Herriot)
10,Los Lagos,102,Chiloé,10206,Puqueldón,4182,891.3558328903486,0.2131410408633067,0.1585246903581176,0.2677573913684957,Sí,Directa y Sintética (Fay-Herriot)
10,Los Lagos,102,Chiloé,10207,Queilén,5542,1254.895815623345,0.2264337451503691,0.1664655231937192,0.286401967107019,Sí,Sintética
10,Los Lagos,102,Chiloé,10208,Quellón,30188,5117.991983438733,0.1695372990406364,0.1237118214913323,0.2153627765899406,Sí,Directa y Sintética (Fay-Herriot)
10,Los Lagos,102,Chiloé,10209,Quemchi,8754,1809.098076458417,0.2066595929241966,0.1504745395163572,0.2628446463320361,Sí,Sintética
10,Los Lagos,102,Chiloé,10210,Quinchao,8169,1641.155071882773,0.2009003638000701,0.1525731881963668,0.2492275394037735,Sí,Directa y Sintética (Fay-Herriot)
10,Los Lagos,103,Osorno,10301,Osorno,176533,30097.93533896684,0.1704946686396699,0.1434056422893246,0.1975836949900152,Sí,Directa y Sintética (Fay-Herriot)
10,Los Lagos,103,Osorno,10302,Puerto Octay,9046,1183.264846123288,0.1308053113114402,0.09141754719337546,0.170193075429505,Sí,Directa y Sintética (Fay-Herriot)
10,Los Lagos,103,Osorno,10303,Purranque,20953,3603.125121005464,0.171962254617738,0.1278805830586229,0.2160439261768531,Sí,Directa y Sintética (Fay-Herriot)
10,Los Lagos,103,Osorno,10304,Puyehue,11824,1927.749177473873,0.1630369737376415,0.1205301739542305,0.2055437735210525,Sí,Directa y Sintética (Fay-Herriot)
10,Los Lagos,103,Osorno,10305,Río Negro,14067,2546.996247152697,0.1810617933569842,0.1368998789471875,0.225223707766781,Sí,Directa y Sintética (Fay-Herriot)
10,Los Lagos,103,Osorno,10306,San Juan de la Costa,7407,2140.296881756844,0.28895597161561293,0.2343338002633795,0.3435781429678463,Sí,Directa y Sintética (Fay-Herriot)
10,Los Lagos,103,Osorno,10307,San Pablo,10537,2211.439754060467,0.2098737547746481,0.1592856300828436,0.2604618794664526,Sí,Directa y Sintética (Fay-Herriot)
10,Los Lagos,104,Palena,10401,Chaitén,5083,843.687081569863,0.1659821132342835,0.1152658944925893,0.2166983319759777,No,Sintética
10,Los Lagos,104,Palena,10402,Futaleufú,2927,506.9031485921744,0.1731818068302612,0.1183930896835234,0.227970523976999,No,Sintética
10,Los Lagos,104,Palena,10403,Hualaihué,9590,2351.882158310108,0.2452431864765493,0.1818687452383133,0.3086176277147852,No,Sintética
10,Los Lagos,104,Palena,10404,Palena,1829,238.7548853311628,0.1305384829585363,0.080044405011615,0.1810325609054575,No,Sintética
11,Aysén del General Carlos Ibáñez del Campo,111,Coyhaique,11101,Coyhaique,62099,8504.140250183083,0.1369448823682037,0.1230537611635207,0.1508360035728868,Sí,Directa y Sintética (Fay-Herriot)
11,Aysén del General Carlos Ibáñez del Campo,111,Coyhaique,11102,Lago Verde,909,136.8725741453586,0.1505748890487994,0.09096749141337615,0.2101822866842226,Sí,Sintética
11,Aysén del General Carlos Ibáñez del Campo,112,Aysén,11201,Aysén,25173,3414.090477219522,0.1356250934421611,0.1135920611308102,0.1576581257535121,Sí,Directa y Sintética (Fay-Herriot)
11,Aysén del General Carlos Ibáñez del Campo,112,Aysén,11202,Cisnes,5876,972.0476834630969,0.1654267670971914,0.1269658207328076,0.2038877134615753,Sí,Directa y Sintética (Fay-Herriot)
11,Aysén del General Carlos Ibáñez del Campo,112,Aysén,11203,Guaitecas,1612,292.7983049429886,0.1816366655973875,0.1186629762188056,0.2446103549759694,No,Sintética
11,Aysén del General Carlos Ibáñez del Campo,113,Capitán Prat,11301,Cochrane,3748,506.4496082709624,0.1351252956966282,0.08178024262365152,0.1884703487696048,Sí,Sintética
11,Aysén del General Carlos Ibáñez del Campo,113,Capitán Prat,11302,O'Higgins,677,72.362538638175,0.1068870585497415,0.04304467739641403,0.170729439703069,No,Sintética
11,Aysén del General Carlos Ibáñez del Campo,113,Capitán Prat,11303,Tortel,582,129.7411758361739,0.2229229825363812,0.1425363576287376,0.3033096074440249,Sí,Sintética
11,Aysén del General Carlos Ibáñez del Campo,114,General Carrera,11401,Chile Chico,5159,929.8251283155672,0.1802335972699297,0.1200988181823189,0.2403683763575405,Sí,Sintética
11,Aysén del General Carlos Ibáñez del Campo,114,General Carrera,11402,Río Ibáñez,2720,601.6688968509909,0.2212018003128643,0.1560571892139138,0.2863464114118148,Sí,Sintética
12,Magallanes y de la Antártica Chilena,121,Magallanes,12101,Punta Arenas,145984,14302.20597533638,0.09797105145314812,0.08307972992360847,0.1128623729826878,Sí,Directa y Sintética (Fay-Herriot)
12,Magallanes y de la Antártica Chilena,121,Magallanes,12102,Laguna Blanca,247,19.7943745174968,0.08013916808703159,0.03009036766411199,0.1301879685099512,Sí,Sintética
12,Magallanes y de la Antártica Chilena,121,Magallanes,12103,Río Verde,205,0.5516530554536645,0.002690990514408119,0,0.01963628310360183,Sí,Sintética
12,Magallanes y de la Antártica Chilena,121,Magallanes,12104,San Gregorio,649,46.93799882181292,0.07232357291496598,0.02794163147915388,0.1167055143507781,Sí,Sintética
12,Magallanes y de la Antártica Chilena,122,Antártica Chilena,12201,Cabo de Hornos,1964,176.4547807640259,0.08984459305703967,0.03862901823649213,0.1410601678775872,Sí,Sintética
12,Magallanes y de la Antártica Chilena,123,Tierra del Fuego,12301,Porvenir,7660,546.6718484471886,0.07136708204271391,0.04619203406941808,0.09654213001600975,Sí,Directa y Sintética (Fay-Herriot)
12,Magallanes y de la Antártica Chilena,123,Tierra del Fuego,12302,Primavera,672,23.44258210313187,0.03488479479632718,0,0.06997386686947826,Sí,Sintética
12,Magallanes y de la Antártica Chilena,123,Tierra del Fuego,12303,Timaukel,261,12.41461405984655,0.04756557111052318,0,0.0997562072922076,Sí,Sintética
12,Magallanes y de la Antártica Chilena,124,Última Esperanza,12401,Natales,24709,2993.19039958004,0.1211376583261176,0.099172107603331,0.1431032090489042,Sí,Directa y Sintética (Fay-Herriot)
12,Magallanes y de la Antártica Chilena,124,Última Esperanza,12402,Torres del Paine,1081,112.0136816545498,0.1036204270624883,0.05037371605917634,0.1568671380658002,Sí,Sintética
13,Metropolitana de Santiago,131,Santiago,13101,Santiago,547366,55680.85470235291,0.1017250883364201,0.07277394357631467,0.1306762330965255,Sí,Directa y Sintética (Fay-Herriot)
13,Metropolitana de Santiago,131,Santiago,13102,Cerrillos,90197,15847.56500146656,0.1756994689564681,0.1309972225198056,0.2204017153931307,Sí,Directa y Sintética (Fay-Herriot)
13,Metropolitana de Santiago,131,Santiago,13103,Cerro Navia,139237,26391.85573788636,0.189546282510298,0.1445547698815481,0.2345377951390479,Sí,Directa y Sintética (Fay-Herriot)
13,Metropolitana de Santiago,131,Santiago,13104,Conchalí,136237,21488.66344452487,0.1577300105296275,0.1177698528527867,0.1976901682064684,Sí,Directa y Sintética (Fay-Herriot)
13,Metropolitana de Santiago,131,Santiago,13105,El Bosque,169555,34049.39498997616,0.200816224764685,0.1557566571617541,0.2458757923676158,Sí,Directa y Sintética (Fay-Herriot)
13,Metropolitana de Santiago,131,Santiago,13106,Estación Central,222640,34595.63723350631,0.1553882376639701,0.1151927528670664,0.1955837224608739,Sí,Directa y Sintética (Fay-Herriot)
13,Metropolitana de Santiago,131,Santiago,13107,Huechuraba,118805,13250.43582490779,0.1115309610278001,0.07510128726480533,0.1479606347907949,Sí,Directa y Sintética (Fay-Herriot)
13,Metropolitana de Santiago,131,Santiago,13108,Independencia,154336,18023.47655233657,0.1167807676260663,0.08013272168152775,0.1534288135706049,Sí,Directa y Sintética (Fay-Herriot)
13,Metropolitana de Santiago,131,Santiago,13109,La Cisterna,101377,12374.60296148398,0.1220651919220728,0.08325276282006613,0.1608776210240795,Sí,Directa y Sintética (Fay-Herriot)
13,Metropolitana de Santiago,131,Santiago,13110,La Florida,407437,48428.52638688507,0.1188613856544326,0.08482576381795234,0.1528970074909129,Sí,Directa y Sintética (Fay-Herriot)
13,Metropolitana de Santiago,131,Santiago,13111,La Granja,118915,22367.05873574982,0.1880928287915723,0.1469366164828095,0.2292490411003352,Sí,Directa y Sintética (Fay-Herriot)
13,Metropolitana de Santiago,131,Santiago,13112,La Pintana,188869,44008.06976391473,0.2330084331675115,0.1863703089311082,0.2796465574039148,Sí,Directa y Sintética (Fay-Herriot)
13,Metropolitana de Santiago,131,Santiago,13113,La Reina,99001,5866.642012265695,0.05925841165509132,0.03035309984107855,0.08816372346910409,Sí,Directa y Sintética (Fay-Herriot)
13,Metropolitana de Santiago,131,Santiago,13114,Las Condes,344516,9558.241536133602,0.02774396990599451,0.00828667130130058,0.04720126851068843,Sí,Directa y Sintética (Fay-Herriot)
13,Metropolitana de Santiago,131,Santiago,13115,Lo Barnechea,131555,3618.2184866489,0.02750346612936718,0.006113154929800597,0.04889377732893377,Sí,Directa y Sintética (Fay-Herriot)
13,Metropolitana de Santiago,131,Santiago,13116,Lo Espejo,100311,22079.25925256698,0.2201080564700479,0.1731520689264565,0.2670640440136394,Sí,Directa y Sintética (Fay-Herriot)
13,Metropolitana de Santiago,131,Santiago,13117,Lo Prado,101727,16583.14639804926,0.1630161746443841,0.1170462859315931,0.2089860633571752,Sí,Directa y Sintética (Fay-Herriot)
13,Metropolitana de Santiago,131,Santiago,13118,Macul,138598,18777.80759990871,0.1354839723510347,0.1026001387060311,0.1683678059960383,Sí,Directa y Sintética (Fay-Herriot)
13,Metropolitana de Santiago,131,Santiago,13119,Maipú,586963,70661.28741335028,0.1203845683856568,0.09052756152686381,0.1502415752444498,Sí,Directa y Sintética (Fay-Herriot)
13,Metropolitana de Santiago,131,Santiago,13120,Ñuñoa,268328,15313.93390209166,0.05707169547006522,0.03076620916818104,0.0833771817719494,Sí,Directa y Sintética (Fay-Herriot)
13,Metropolitana de Santiago,131,Santiago,13121,Pedro Aguirre Cerda,104033,21423.95156185289,0.2059341897460699,0.1569597230669237,0.254908656425216,Sí,Directa y Sintética (Fay-Herriot)
13,Metropolitana de Santiago,131,Santiago,13122,Peñalolén,273246,35605.48334651744,0.1303055976904234,0.09392387167106248,0.1666873237097843,Sí,Directa y Sintética (Fay-Herriot)
13,Metropolitana de Santiago,131,Santiago,13123,Providencia,164397,1950.585319324144,0.01186509072138874,0,0.02592020705589691,Sí,Directa y Sintética (Fay-Herriot)
13,Metropolitana de Santiago,131,Santiago,13124,Pudahuel,262158,40475.26714781941,0.1543926454573937,0.1153804170939505,0.1934048738208368,Sí,Directa y Sintética (Fay-Herriot)
13,Metropolitana de Santiago,131,Santiago,13125,Quilicura,277388,38092.28392790633,0.137324916463244,0.1012592829274,0.173390549999088,Sí,Directa y Sintética (Fay-Herriot)
13,Metropolitana de Santiago,131,Santiago,13126,Quinta Normal,142124,17632.91304036088,0.1240671036585016,0.086503481542429,0.1616307257745743,Sí,Directa y Sintética (Fay-Herriot)
13,Metropolitana de Santiago,131,Santiago,13127,Recoleta,197221,28683.83152771691,0.145440047092941,0.1085844049154726,0.1822956892704093,Sí,Directa y Sintética (Fay-Herriot)
13,Metropolitana de Santiago,131,Santiago,13128,Renca,163158,30585.14375038238,0.1874572117234973,0.1482802573473863,0.2266341660996083,Sí,Directa y Sintética (Fay-Herriot)
13,Metropolitana de Santiago,131,Santiago,13129,San Joaquín,102988,14990.40966117518,0.1455549157297469,0.1072257593236267,0.1838840721358672,Sí,Directa y Sintética (Fay-Herriot)
13,Metropolitana de Santiago,131,Santiago,13130,San Miguel,146622,15314.56727662984,0.1044493137225644,0.06983252393636757,0.1390661035087613,Sí,Directa y Sintética (Fay-Herriot)
13,Metropolitana de Santiago,131,Santiago,13131,San Ramón,83351,16446.20974151081,0.1973126866085688,0.1515017023556671,0.2431236708614704,Sí,Directa y Sintética (Fay-Herriot)
13,Metropolitana de Santiago,131,Santiago,13132,Vitacura,96890,785.4725726021924,0.008106848721252889,0,0.02303429174579187,Sí,Directa y Sintética (Fay-Herriot)
13,Metropolitana de Santiago,132,Cordillera,13201,Puente Alto,669122,92515.4935953201,0.1382640140293102,0.1088139212121933,0.1677141068464271,Sí,Directa y Sintética (Fay-Herriot)
13,Metropolitana de Santiago,132,Cordillera,13202,Pirque,33270,4264.655509441795,0.1281832133886924,0.08447221744573047,0.1718942093316543,Sí,Directa y Sintética (Fay-Herriot)
13,Metropolitana de Santiago,132,Cordillera,13203,San José de Maipo,19586,2769.729285546305,0.1414137284563619,0.1003374199660662,0.1824900369466577,Sí,Directa y Sintética (Fay-Herriot)
13,Metropolitana de Santiago,133,Chacabuco,13301,Colina,198872,23342.06691799165,0.1173723144434191,0.07944624076684931,0.1552983881199889,Sí,Directa y Sintética (Fay-Herriot)
13,Metropolitana de Santiago,133,Chacabuco,13302,Lampa,144502,22854.3984990753,0.1581597382671195,0.1183606764990936,0.1979588000351454,Sí,Directa y Sintética (Fay-Herriot)
13,Metropolitana de Santiago,133,Chacabuco,13303,Tiltil,22546,3095.658572009077,0.1373041147879481,0.0964805103080255,0.1781277192678706,Sí,Directa y Sintética (Fay-Herriot)
13,Metropolitana de Santiago,134,Maipo,13401,San Bernardo,349722,62245.46973262211,0.1779855706321653,0.1414099404223059,0.2145612008420247,Sí,Directa y Sintética (Fay-Herriot)
13,Metropolitana de Santiago,134,Maipo,13402,Buin,118737,19545.26929921164,0.1646097619041381,0.1237364964350433,0.2054830273732329,Sí,Directa y Sintética (Fay-Herriot)
13,Metropolitana de Santiago,134,Maipo,13403,Calera de Tango,30445,3442.240997325875,0.1130642469149573,0.07160540233111048,0.1545230914988041,Sí,Directa y Sintética (Fay-Herriot)
13,Metropolitana de Santiago,134,Maipo,13404,Paine,88781,14015.41026719771,0.1578649741183103,0.1125473272934186,0.203182620943202,Sí,Directa y Sintética (Fay-Herriot)
13,Metropolitana de Santiago,135,Melipilla,13501,Melipilla,149501,32005.16626086418,0.214079947698438,0.1645204581035234,0.2636394372933527,Sí,Directa y Sintética (Fay-Herriot)
13,Metropolitana de Santiago,135,Melipilla,13502,Alhué,7892,1831.379589770666,0.2320551938381482,0.1729829828178051,0.2911274048584914,Sí,Directa y Sintética (Fay-Herriot)
13,Metropolitana de Santiago,135,Melipilla,13503,Curacaví,38539,7568.113699837056,0.1963754560273244,0.1480462478354847,0.2447046642191641,Sí,Directa y Sintética (Fay-Herriot)
13,Metropolitana de Santiago,135,Melipilla,13504,María Pinto,15730,2873.211123072263,0.1826580497820892,0.1349760545278361,0.2303400450363424,Sí,Directa y Sintética (Fay-Herriot)
13,Metropolitana de Santiago,135,Melipilla,13505,San Pedro,12600,2799.688552164677,0.2221975041400538,0.1617243933632962,0.2826706149168113,Sí,Sintética
13,Metropolitana de Santiago,136,Talagante,13601,Talagante,85851,15360.19515371987,0.1789169043309905,0.1328999228146613,0.2249338858473197,Sí,Directa y Sintética (Fay-Herriot)
13,Metropolitana de Santiago,136,Talagante,13602,El Monte,42437,8362.616226870334,0.1970595524393886,0.1508226269856448,0.2432964778931323,Sí,Directa y Sintética (Fay-Herriot)
13,Metropolitana de Santiago,136,Talagante,13603,Isla de Maipo,42589,6893.648868000187,0.1618645393881093,0.1169982390604329,0.2067308397157857,Sí,Directa y Sintética (Fay-Herriot)
13,Metropolitana de Santiago,136,Talagante,13604,Padre Hurtado,82494,12380.23772000354,0.1500744020171592,0.1111760197414369,0.1889727842928816,Sí,Directa y Sintética (Fay-Herriot)
13,Metropolitana de Santiago,136,Talagante,13605,Peñaflor,107380,16867.80799657706,0.1570851927414515,0.1185152766111203,0.1956551088717826,Sí,Directa y Sintética (Fay-Herriot)
14,Los Ríos,141,Valdivia,14101,Valdivia,182507,32427.96955025686,0.177680689235245,0.1507227613330488,0.2046386171374412,Sí,Directa y Sintética (Fay-Herriot)
14,Los Ríos,141,Valdivia,14102,Corral,5417,1369.871780504675,0.2528838435489524,0.2024427901761269,0.303324896921778,Sí,Directa y Sintética (Fay-Herriot)
14,Los Ríos,141,Valdivia,14103,Lanco,18095,5280.670607087506,0.2918303734229072,0.24482109901929,0.3388396478265245,Sí,Directa y Sintética (Fay-Herriot)
14,Los Ríos,141,Valdivia,14104,Los Lagos,20517,4825.603544102992,0.2352002507239358,0.192821942799661,0.2775785586482106,Sí,Directa y Sintética (Fay-Herriot)
14,Los Ríos,141,Valdivia,14105,Máfil,7377,1738.621272900714,0.2356813437577218,0.1904533181172343,0.2809093693982093,Sí,Directa y Sintética (Fay-Herriot)
14,Los Ríos,141,Valdivia,14106,Mariquina,24059,6286.639431036328,0.2613009448038708,0.2168933126064923,0.3057085770012493,Sí,Directa y Sintética (Fay-Herriot)
14,Los Ríos,141,Valdivia,14107,Paillaco,20955,5500.14953220841,0.2624743274735581,0.2216145994701911,0.3033340554769251,Sí,Directa y Sintética (Fay-Herriot)
14,Los Ríos,141,Valdivia,14108,Panguipulli,36239,11705.41242062056,0.3230059444416392,0.2833503243398033,0.362661564543475,Sí,Directa y Sintética (Fay-Herriot)
14,Los Ríos,142,Ranco,14201,La Unión,39711,8739.354356769134,0.2200738927946698,0.1869201898791776,0.2532275957101621,Sí,Directa y Sintética (Fay-Herriot)
14,Los Ríos,142,Ranco,14202,Futrono,15180,3192.474264243659,0.2103079225456956,0.1684587966570566,0.2521570484343346,Sí,Directa y Sintética (Fay-Herriot)
14,Los Ríos,142,Ranco,14203,Lago Ranco,10271,3105.050211141208,0.3023123562594887,0.2474141603073858,0.3572105522115915,Sí,Directa y Sintética (Fay-Herriot)
14,Los Ríos,142,Ranco,14204,Río Bueno,32980,7872.168572789872,0.2386952265855025,0.20522378504987,0.2721666681211349,Sí,Directa y Sintética (Fay-Herriot)
15,Arica y Parinacota,151,Arica,15101,Arica,257875,54845.39841403853,0.2126821072769308,0.1887117810828436,0.236652433471018,Sí,Directa y Sintética (Fay-Herriot)
15,Arica y Parinacota,151,Arica,15102,Camarones,1246,387.8999489868337,0.3113161709364637,0.2226374318089985,0.3999949100639288,Sí,Sintética
15,Arica y Parinacota,152,Parinacota,15201,Putre,2177,650.9643633982204,0.2990190001829216,0.1974669166277008,0.4005710837381424,Sí,Sintética
15,Arica y Parinacota,152,Parinacota,15202,General Lagos,660,261.8206970253118,0.396698025795927,0.2454088980445151,0.547987153547339,Sí,Sintética
16,Ñuble,161,Diguillín,16101,Chillán,204572,40361.50971192416,0.1972973315601556,0.1758721244110136,0.2187225387092976,Sí,Directa y Sintética (Fay-Herriot)
16,Ñuble,161,Diguillín,16102,Bulnes,22755,5452.216870702609,0.2396052239377107,0.1927769410923582,0.2864335067830633,Sí,Directa y Sintética (Fay-Herriot)
16,Ñuble,161,Diguillín,16103,Chillán Viejo,35743,8520.222508322493,0.2383745770730631,0.1961338165423306,0.2806153376037955,Sí,Directa y Sintética (Fay-Herriot)
16,Ñuble,161,Diguillín,16104,El Carmen,12184,3617.649305706434,0.2969180323133974,0.2422152379079065,0.3516208267188883,Sí,Directa y Sintética (Fay-Herriot)
16,Ñuble,161,Diguillín,16105,Pemuco,8580,2127.111149705485,0.2479150524132267,0.1920059479105762,0.3038241569158772,Sí,Directa y Sintética (Fay-Herriot)
16,Ñuble,161,Diguillín,16106,Pinto,12207,3591.212959472884,0.2941929187738907,0.2378757901455703,0.3505100474022111,Sí,Directa y Sintética (Fay-Herriot)
16,Ñuble,161,Diguillín,16107,Quillón,19358,5142.080439569665,0.2656307696853841,0.2161723992585572,0.315089140112211,Sí,Directa y Sintética (Fay-Herriot)
16,Ñuble,161,Diguillín,16108,San Ignacio,16594,5813.530540466354,0.3503393118275493,0.3008105403674058,0.3998680832876929,Sí,Directa y Sintética (Fay-Herriot)
16,Ñuble,161,Diguillín,16109,Yungay,18850,4835.116204748081,0.2565048384481741,0.2079725829556312,0.305037093940717,Sí,Directa y Sintética (Fay-Herriot)
16,Ñuble,162,Itata,16201,Quirihue,12251,3337.944433654651,0.2724630180111543,0.2256100409176037,0.3193159951047049,Sí,Directa y Sintética (Fay-Herriot)
16,Ñuble,162,Itata,16202,Cobquecura,5225,1496.013695867088,0.2863184106922655,0.2316285552521807,0.3410082661323504,Sí,Directa y Sintética (Fay-Herriot)
16,Ñuble,162,Itata,16203,Coelemu,16909,3843.203747657457,0.2272874651166513,0.1814733847540357,0.2731015454792669,Sí,Directa y Sintética (Fay-Herriot)
16,Ñuble,162,Itata,16204,Ninhue,5352,1537.898511160476,0.2873502449851412,0.2357292361702448,0.3389712538000377,Sí,Directa y Sintética (Fay-Herriot)
16,Ñuble,162,Itata,16205,Portezuelo,4867,1185.218013299585,0.2435212683993394,0.1863603390887135,0.3006821977099653,Sí,Sintética
16,Ñuble,162,Itata,16206,Ranquil,6292,1648.651985351405,0.2620235196044827,0.2090124587123187,0.3150345804966467,Sí,Directa y Sintética (Fay-Herriot)
16,Ñuble,162,Itata,16207,Trehuaco,5776,1328.14293841223,0.2299416444619513,0.1818564422559835,0.278026846667919,Sí,Directa y Sintética (Fay-Herriot)
16,Ñuble,163,Punilla,16301,San Carlos,57133,17164.7404879442,0.300434783539184,0.2653419575219529,0.3355276095564151,Sí,Directa y Sintética (Fay-Herriot)
16,Ñuble,163,Punilla,16302,Coihueco,29122,6950.544987535452,0.238669905485044,0.1956140510179793,0.2817257599521088,Sí,Directa y Sintética (Fay-Herriot)
16,Ñuble,163,Punilla,16303,Ñiquén,11529,2886.95432586705,0.2504080428369373,0.1961739173858299,0.3046421682880447,Sí,Directa y Sintética (Fay-Herriot)
16,Ñuble,163,Punilla,16304,San Fabián,4800,1328.992014504992,0.2768733363552066,0.2192694349188924,0.3344772377915208,Sí,Sintética
16,Ñuble,163,Punilla,16305,San Nicolás,12524,2729.79798913874,0.2179653456674178,0.1692157874653905,0.2667149038694451,Sí,Directa y Sintética (Fay-Herriot)
